MSE,RMSE,MAE,MAPE,R2,RAE,best_epoch,best_val_loss,n_epochs_run,duration_s,stopped_early,seq_len,pred_len,lambda_consistency,lr,n_nodes
0.002100640907883644,0.04583274945616722,0.02320731058716774,0.13656458258628845,0.9325516223907471,0.16623958945274353,137,0.003769093658775091,200,873.46,False,12,6,0.1,0.001,247
