MSE,RMSE,MAE,MAPE,R2,RAE,best_epoch,best_val_loss,n_epochs_run,duration_s,stopped_early,seq_len,pred_len,lambda_consistency,lr,n_nodes
0.002274483209475875,0.04769154265522957,0.028593759983778,0.24476605653762817,0.9269698262214661,0.2048240453004837,198,0.0036007706075906754,200,5336.15,False,12,6,0.1,0.001,247
